{"cameraMode":{"drawMode":0,"name":"Shaded","section":"Shading Mode"},"sceneLighting":true,"audioPlay":false,"sceneViewState":{"m_AlwaysRefresh":false,"showFog":true,"showSkybox":true,"showFlares":true,"showImageEffects":true,"showParticleSystems":true,"showVisualEffectGraphs":true,"m_FxEnabled":true},"in2DMode":false,"pivot":{"x":3.6414499282836916,"y":148.99264526367188,"z":-0.38690000772476199},"rotation":{"x":0.06077565252780914,"y":-0.05324597284197807,"z":0.0033046293538063766,"w":0.9968093037605286},"size":104.6759262084961,"orthographic":false}